Customer_ID,Age,Income,Loan_Amount,Loan_Status,Credit_Score,Employment_Status,Loan_Type,Default
10000,29,94606,182344,Rejected,630,Business,Personal,No
10001,51,105405,846110,Approved,607,Business,Personal,Yes
10002,45,76723,1323889,Approved,501,Unemployed,Education,Yes
10003,58,143898,264385,Approved,662,Salaried,Personal,No
10004,22,105137,1185424,Rejected,504,Self-Employed,Education,No
10005,22,89157,514921,Approved,724,Self-Employed,Education,No
10006,43,50260,1469454,Approved,612,Unemployed,Education,Yes
10007,47,129783,1216969,Approved,828,Self-Employed,Personal,No
10008,39,35845,747712,Approved,756,Self-Employed,Education,No
10009,40,57245,1282245,Approved,755,Salaried,Education,No
10010,51,51816,897853,Approved,712,Unemployed,Home,No
10011,56,135701,1464499,Approved,691,Business,Personal,No
10012,53,34146,393300,Approved,766,Unemployed,Education,No
10013,52,116045,112023,Approved,740,Unemployed,Personal,No
10014,60,97749,1262522,Approved,701,Self-Employed,Home,No
10015,53,49745,75798,Rejected,602,Business,Home,No
10016,57,66304,1012869,Approved,637,Business,Personal,No
10017,54,121895,1227252,Rejected,605,Salaried,Education,No
10018,44,94710,1212663,Rejected,602,Business,Education,No
10019,47,65361,53323,Approved,775,Business,Car,No
10020,59,23666,531516,Approved,825,Self-Employed,Home,No
10021,56,124477,585390,Approved,516,Salaried,Personal,Yes
10022,49,21908,639712,Approved,627,Salaried,Car,No
10023,43,58048,195784,Approved,585,Unemployed,Home,Yes
10024,38,104961,667596,Approved,732,Business,Car,No
10025,51,34967,99565,Approved,659,Unemployed,Education,No
10026,47,124359,444347,Approved,632,Unemployed,Personal,No
10027,59,76577,93658,Approved,615,Business,Personal,Yes
10028,23,114219,386021,Approved,728,Self-Employed,Education,No
10029,54,79093,518075,Approved,768,Business,Personal,No
10030,57,125301,723701,Approved,837,Salaried,Education,No
10031,40,36473,494872,Approved,524,Salaried,Car,Yes
10032,40,140216,674699,Approved,581,Unemployed,Education,Yes
10033,21,93494,129516,Approved,802,Business,Home,No
10034,31,128516,1356447,Approved,760,Business,Personal,No
10035,33,65472,257671,Rejected,605,Self-Employed,Education,No
10036,27,142939,1446614,Approved,699,Business,Car,No
10037,22,62643,1333726,Approved,705,Salaried,Car,No
10038,31,46326,737322,Approved,788,Unemployed,Home,No
10039,48,47922,608965,Approved,845,Business,Personal,No
10040,56,65069,1490974,Approved,773,Self-Employed,Education,No
10041,25,115088,134725,Approved,543,Self-Employed,Home,Yes
10042,55,47914,612057,Approved,670,Unemployed,Car,No
10043,42,64601,288892,Approved,649,Business,Home,No
10044,58,92243,268680,Approved,664,Business,Personal,No
10045,25,69837,358970,Rejected,564,Salaried,Car,No
10046,25,94813,1204009,Rejected,614,Unemployed,Personal,No
10047,39,93983,1170496,Approved,558,Unemployed,Education,Yes
10048,23,128497,670207,Rejected,506,Salaried,Personal,No
10049,28,128281,133935,Approved,596,Business,Home,Yes
10050,28,79101,401028,Approved,848,Self-Employed,Home,No
10051,27,77029,843304,Approved,777,Unemployed,Car,No
10052,51,61216,259986,Approved,606,Salaried,Car,Yes
10053,21,123135,669812,Approved,805,Business,Car,No
10054,46,61062,885830,Rejected,532,Unemployed,Personal,No
10055,28,52776,501292,Approved,816,Unemployed,Education,No
10056,37,44015,1185822,Approved,606,Self-Employed,Car,Yes
10057,44,30665,638852,Rejected,545,Salaried,Education,No
10058,35,71180,693373,Rejected,521,Self-Employed,Car,No
10059,58,137112,685037,Approved,625,Salaried,Car,No
10060,36,48856,92727,Rejected,624,Salaried,Education,No
10061,56,133712,198722,Rejected,538,Salaried,Personal,No
10062,43,84652,1033216,Approved,578,Unemployed,Personal,Yes
10063,53,144417,1445125,Approved,588,Self-Employed,Home,Yes
10064,41,60058,274138,Approved,763,Self-Employed,Car,No
10065,34,38570,1193981,Approved,516,Self-Employed,Car,Yes
10066,40,76706,1177203,Rejected,580,Self-Employed,Personal,No
10067,25,109401,986787,Approved,720,Business,Car,No
10068,55,79416,72788,Approved,702,Self-Employed,Car,No
10069,37,83672,101188,Approved,830,Salaried,Education,No
10070,24,110662,794370,Approved,796,Self-Employed,Home,No
10071,29,53962,630731,Approved,703,Self-Employed,Education,No
10072,60,31697,539747,Approved,748,Self-Employed,Personal,No
10073,54,61581,1100462,Approved,832,Self-Employed,Education,No
10074,36,61023,1088241,Approved,745,Business,Home,No
10075,42,93453,1331961,Approved,834,Self-Employed,Car,No
10076,24,140796,200054,Approved,761,Self-Employed,Car,No
10077,53,120404,477492,Approved,659,Unemployed,Car,No
10078,56,68708,396404,Approved,737,Salaried,Personal,No
10079,59,145839,1127833,Approved,792,Self-Employed,Education,No
10080,30,52846,944965,Rejected,611,Business,Personal,No
10081,43,70328,1130150,Rejected,584,Salaried,Personal,No
10082,27,55065,225573,Approved,571,Business,Personal,Yes
10083,45,143207,957902,Approved,703,Unemployed,Home,No
10084,49,36558,1355272,Approved,749,Salaried,Home,No
10085,48,98732,1169993,Approved,709,Unemployed,Personal,No
10086,38,52534,844504,Approved,786,Self-Employed,Personal,No
10087,54,77510,1264424,Rejected,510,Self-Employed,Personal,No
10088,34,42656,647230,Rejected,575,Unemployed,Home,No
10089,58,119276,576138,Approved,849,Self-Employed,Education,No
10090,55,66786,1079301,Approved,715,Self-Employed,Personal,No
10091,57,135203,853746,Approved,604,Salaried,Car,Yes
10092,28,94620,77715,Approved,779,Self-Employed,Car,No
10093,25,85584,833762,Approved,793,Business,Car,No
10094,53,108770,798303,Approved,770,Salaried,Car,No
10095,28,77975,992779,Approved,679,Business,Car,No
10096,42,122640,1483220,Approved,792,Salaried,Education,No
10097,45,70120,477638,Approved,785,Unemployed,Personal,No
10098,59,114671,1121561,Rejected,601,Business,Education,No
10099,31,78902,1350304,Approved,842,Unemployed,Home,No
10100,54,20461,1473018,Rejected,699,Business,Education,No
10101,60,96602,192073,Approved,752,Unemployed,Home,No
10102,22,73346,1369658,Approved,579,Unemployed,Education,Yes
10103,25,126866,1319746,Rejected,505,Unemployed,Car,No
10104,55,59802,368913,Approved,736,Business,Car,No
10105,31,81224,1120232,Rejected,523,Salaried,Car,No
10106,25,66553,190506,Approved,836,Salaried,Education,No
10107,31,86474,388956,Rejected,547,Unemployed,Education,No
10108,34,89218,485595,Approved,621,Unemployed,Car,No
10109,25,111644,1147225,Approved,837,Business,Car,No
10110,53,93092,154317,Rejected,586,Unemployed,Car,No
10111,60,116972,536778,Approved,700,Self-Employed,Education,No
10112,51,123516,594256,Approved,812,Self-Employed,Car,No
10113,37,146325,1329158,Rejected,625,Business,Personal,No
10114,48,142306,570988,Approved,637,Salaried,Home,No
10115,58,78140,1269353,Approved,575,Business,Car,Yes
10116,29,122034,339612,Approved,725,Unemployed,Car,No
10117,46,51521,292927,Approved,605,Salaried,Car,Yes
10118,35,72036,723962,Approved,752,Self-Employed,Personal,No
10119,23,27253,1303076,Rejected,511,Salaried,Home,No
10120,54,126811,1335929,Approved,726,Unemployed,Car,No
10121,28,100378,412153,Approved,548,Business,Home,Yes
10122,52,78958,842501,Rejected,586,Self-Employed,Home,No
10123,50,91698,1266207,Approved,699,Business,Home,No
10124,37,63269,1090885,Approved,803,Self-Employed,Personal,No
10125,26,26057,82320,Rejected,502,Unemployed,Education,No
10126,58,57645,460799,Approved,704,Self-Employed,Home,No
10127,22,21989,862167,Rejected,574,Business,Personal,No
10128,29,30422,1020749,Approved,833,Salaried,Car,No
10129,23,90383,177615,Approved,768,Salaried,Home,No
10130,38,122340,296282,Approved,721,Self-Employed,Personal,No
10131,22,85491,1386961,Rejected,566,Self-Employed,Car,No
10132,45,63228,1373435,Approved,637,Self-Employed,Car,No
10133,24,97060,1288358,Approved,589,Business,Car,Yes
10134,43,91686,915389,Approved,775,Business,Home,No
10135,25,113525,610138,Approved,812,Unemployed,Personal,No
10136,32,147979,252516,Rejected,577,Self-Employed,Personal,No
10137,23,26922,1386143,Approved,546,Unemployed,Education,Yes
10138,41,25258,315555,Approved,772,Business,Personal,No
10139,46,120060,985504,Rejected,512,Salaried,Car,No
10140,41,31244,683003,Rejected,517,Salaried,Education,No
10141,41,116366,322640,Rejected,633,Salaried,Education,No
10142,27,75683,564620,Approved,757,Unemployed,Home,No
10143,42,86757,870179,Approved,799,Salaried,Education,No
10144,29,105534,990806,Approved,768,Unemployed,Personal,No
10145,31,46211,826684,Approved,699,Salaried,Car,No
10146,47,65269,315010,Approved,794,Salaried,Personal,No
10147,40,126816,1415491,Approved,773,Business,Car,No
10148,40,61785,789489,Approved,639,Salaried,Car,No
10149,30,61564,732775,Approved,667,Business,Personal,No
10150,38,82874,1002405,Approved,686,Salaried,Education,No
10151,58,125036,167651,Rejected,568,Business,Personal,No
10152,36,112132,1253312,Approved,673,Unemployed,Car,No
10153,46,60289,1024277,Approved,806,Self-Employed,Car,No
10154,22,39445,574551,Approved,613,Salaried,Home,Yes
10155,47,143102,1349614,Approved,525,Unemployed,Personal,Yes
10156,34,54301,190033,Approved,823,Salaried,Personal,No
10157,34,104310,413577,Approved,761,Salaried,Education,No
10158,58,68248,1070627,Rejected,645,Self-Employed,Home,No
10159,36,75763,998318,Approved,845,Self-Employed,Car,No
10160,51,115134,202448,Approved,631,Self-Employed,Education,No
10161,55,120969,848420,Approved,763,Salaried,Education,No
10162,46,100719,1119690,Approved,796,Salaried,Education,No
10163,43,131560,1011447,Approved,503,Unemployed,Home,Yes
10164,55,35734,684710,Approved,762,Unemployed,Car,No
10165,54,73927,1186741,Approved,765,Unemployed,Education,No
10166,49,59571,324608,Approved,759,Self-Employed,Education,No
10167,56,121254,391775,Approved,629,Business,Personal,No
10168,44,75164,893346,Approved,644,Salaried,Personal,No
10169,21,70255,613872,Approved,737,Unemployed,Car,No
10170,51,120746,755778,Approved,698,Salaried,Education,No
10171,51,66464,353447,Approved,712,Salaried,Home,No
10172,32,126699,595748,Approved,688,Unemployed,Home,No
10173,47,53806,1127492,Rejected,647,Unemployed,Education,No
10174,42,121842,1068784,Rejected,610,Business,Education,No
10175,26,28446,321518,Approved,605,Self-Employed,Home,Yes
10176,27,53190,376553,Approved,745,Business,Personal,No
10177,32,129361,56283,Approved,545,Salaried,Education,Yes
10178,55,75296,777087,Approved,524,Business,Personal,Yes
10179,37,109725,634588,Approved,591,Salaried,Education,Yes
10180,26,133560,867295,Rejected,563,Unemployed,Education,No
10181,46,35224,1321107,Approved,745,Self-Employed,Personal,No
10182,45,100430,471947,Rejected,585,Business,Car,No
10183,52,103055,1192519,Approved,609,Business,Car,Yes
10184,21,119323,1428421,Approved,677,Salaried,Car,No
10185,55,101979,973273,Approved,653,Self-Employed,Personal,No
10186,53,55987,616939,Approved,626,Self-Employed,Education,No
10187,37,45599,905046,Approved,787,Self-Employed,Personal,No
10188,47,55410,636764,Approved,745,Unemployed,Car,No
10189,52,48101,1095971,Approved,688,Self-Employed,Education,No
10190,42,43089,1320312,Approved,592,Self-Employed,Education,Yes
10191,53,62730,1158306,Rejected,569,Unemployed,Home,No
10192,51,63259,298317,Approved,565,Unemployed,Home,Yes
10193,26,103265,1179999,Approved,525,Salaried,Home,Yes
10194,57,46136,1104902,Approved,790,Business,Car,No
10195,41,20555,92051,Approved,656,Salaried,Home,No
10196,38,109219,1362088,Approved,674,Business,Car,No
10197,22,35945,741712,Approved,677,Salaried,Home,No
10198,37,137782,350477,Approved,848,Unemployed,Personal,No
10199,25,32035,266446,Approved,653,Self-Employed,Car,No
10200,38,89419,154367,Approved,685,Salaried,Personal,No
10201,29,141341,887449,Approved,690,Salaried,Home,No
10202,42,55865,66699,Approved,763,Salaried,Car,No
10203,43,141023,1394679,Approved,564,Business,Car,Yes
10204,57,101348,1156737,Approved,743,Business,Education,No
10205,40,137744,510099,Approved,823,Self-Employed,Car,No
10206,24,98655,1116460,Approved,556,Self-Employed,Home,Yes
10207,48,55978,1194954,Rejected,510,Unemployed,Car,No
10208,51,36524,895755,Rejected,553,Salaried,Car,No
10209,55,92808,1114000,Approved,850,Unemployed,Personal,No
10210,49,109445,327266,Approved,579,Self-Employed,Personal,Yes
10211,51,130308,753520,Approved,686,Self-Employed,Car,No
10212,30,131294,850555,Approved,725,Salaried,Education,No
10213,59,39024,615718,Approved,651,Salaried,Personal,No
10214,29,69742,1228418,Rejected,551,Salaried,Education,No
10215,59,109030,935583,Rejected,641,Business,Car,No
10216,59,80553,161724,Approved,550,Salaried,Education,Yes
10217,23,129021,283047,Approved,800,Unemployed,Home,No
10218,56,55507,1241652,Approved,835,Business,Car,No
10219,36,141573,1353992,Approved,622,Unemployed,Personal,No
10220,28,121823,135099,Approved,660,Unemployed,Education,No
10221,37,106187,1362342,Rejected,528,Business,Education,No
10222,43,58526,765623,Approved,725,Self-Employed,Home,No
10223,24,64760,1461457,Rejected,558,Business,Home,No
10224,28,147821,1272180,Rejected,511,Self-Employed,Education,No
10225,32,72067,527740,Rejected,551,Unemployed,Home,No
10226,36,122829,1469347,Approved,736,Unemployed,Education,No
10227,52,105384,1440784,Rejected,599,Business,Education,No
10228,55,35782,1248372,Approved,749,Self-Employed,Car,No
10229,30,21565,838782,Approved,712,Salaried,Personal,No
10230,32,80135,840662,Approved,841,Self-Employed,Car,No
10231,30,147415,1150173,Rejected,554,Salaried,Car,No
10232,46,126282,1379171,Approved,616,Salaried,Education,Yes
10233,48,138914,383247,Approved,839,Unemployed,Home,No
10234,36,29968,1174825,Rejected,785,Self-Employed,Home,No
10235,58,22827,1126087,Approved,611,Self-Employed,Education,Yes
10236,54,114978,448960,Approved,758,Self-Employed,Personal,No
10237,46,122167,1025064,Approved,560,Business,Personal,Yes
10238,56,32398,1395189,Approved,745,Self-Employed,Personal,No
10239,21,22732,704327,Approved,738,Business,Car,No
10240,59,37458,1227896,Approved,662,Business,Education,No
10241,56,41970,879390,Approved,699,Business,Home,No
10242,38,67184,367689,Approved,632,Self-Employed,Car,No
10243,44,64055,349287,Rejected,632,Unemployed,Car,No
10244,45,56586,1235873,Approved,739,Self-Employed,Personal,No
10245,29,145673,580000,Approved,615,Salaried,Home,Yes
10246,55,76258,552956,Approved,795,Business,Home,No
10247,46,113261,460700,Approved,542,Self-Employed,Personal,Yes
10248,22,117825,900159,Approved,695,Self-Employed,Education,No
10249,58,98237,320901,Approved,844,Self-Employed,Personal,No
10250,45,38274,649095,Approved,603,Unemployed,Education,Yes
10251,35,59038,351574,Approved,678,Unemployed,Education,No
10252,26,87408,676912,Rejected,606,Salaried,Education,No
10253,60,97672,266088,Approved,814,Business,Car,No
10254,37,101049,172155,Approved,526,Self-Employed,Car,Yes
10255,27,34747,962874,Approved,824,Self-Employed,Home,No
10256,53,86548,882196,Approved,562,Business,Home,Yes
10257,58,53371,57616,Rejected,561,Business,Home,No
10258,55,100423,533746,Approved,637,Self-Employed,Personal,No
10259,47,146845,623969,Approved,838,Business,Education,No
10260,38,84746,254958,Approved,842,Self-Employed,Home,No
10261,56,22080,1001961,Rejected,522,Self-Employed,Education,No
10262,55,127786,755167,Approved,624,Salaried,Personal,No
10263,48,129283,976469,Rejected,596,Self-Employed,Home,No
10264,54,67257,463295,Rejected,619,Salaried,Car,No
10265,24,80091,142693,Approved,812,Self-Employed,Home,No
10266,39,81493,140293,Approved,798,Business,Personal,No
10267,26,72421,1123153,Approved,793,Business,Car,No
10268,38,138713,788599,Approved,740,Business,Personal,No
10269,22,75944,688804,Approved,801,Self-Employed,Car,No
10270,59,97244,1215484,Rejected,642,Unemployed,Personal,No
10271,46,88135,99556,Approved,794,Salaried,Personal,No
10272,57,89409,80159,Rejected,551,Unemployed,Car,No
10273,56,24516,1386858,Approved,689,Business,Personal,No
10274,55,78485,751461,Approved,756,Self-Employed,Personal,No
10275,41,67297,498659,Rejected,574,Salaried,Home,No
10276,41,133612,1116696,Approved,715,Unemployed,Car,No
10277,37,99801,822768,Rejected,519,Self-Employed,Personal,No
10278,46,92140,645288,Approved,793,Salaried,Personal,No
10279,31,138541,610558,Approved,711,Self-Employed,Personal,No
10280,39,92199,1394504,Approved,634,Self-Employed,Home,No
10281,38,114595,1057517,Approved,524,Self-Employed,Car,Yes
10282,56,61347,762329,Approved,651,Salaried,Home,No
10283,49,126709,813242,Rejected,519,Unemployed,Personal,No
10284,31,136243,1218115,Approved,520,Self-Employed,Education,Yes
10285,35,35042,1281954,Rejected,566,Unemployed,Personal,No
10286,33,122420,165959,Approved,684,Unemployed,Education,No
10287,60,114795,793818,Rejected,612,Salaried,Personal,No
10288,23,41546,581236,Approved,782,Salaried,Personal,No
10289,35,120232,227532,Approved,768,Salaried,Home,No
10290,54,46247,489221,Approved,726,Self-Employed,Car,No
10291,52,86308,828836,Approved,666,Salaried,Education,No
10292,33,97898,430635,Rejected,596,Business,Car,No
10293,44,23036,1072026,Rejected,510,Business,Personal,No
10294,42,29707,1406704,Rejected,715,Business,Home,No
10295,59,109193,1257343,Approved,730,Self-Employed,Education,No
10296,38,108556,1149853,Approved,654,Unemployed,Education,No
10297,37,60664,80760,Approved,809,Business,Personal,No
10298,50,136904,795615,Rejected,618,Self-Employed,Education,No
10299,42,111261,1362461,Approved,574,Business,Education,Yes
10300,28,66703,67176,Rejected,630,Unemployed,Personal,No
10301,21,62529,759170,Approved,658,Self-Employed,Personal,No
10302,26,63075,301419,Approved,843,Self-Employed,Personal,No
10303,39,145760,909121,Approved,811,Self-Employed,Car,No
10304,22,146142,1400673,Rejected,593,Unemployed,Car,No
10305,45,75107,1153945,Approved,736,Self-Employed,Personal,No
10306,47,142880,535715,Approved,811,Self-Employed,Personal,No
10307,35,51915,877702,Approved,694,Self-Employed,Home,No
10308,40,117493,805180,Rejected,500,Business,Car,No
10309,31,108506,356994,Rejected,515,Business,Car,No
10310,53,84185,716020,Approved,809,Unemployed,Personal,No
10311,56,106857,629071,Approved,719,Unemployed,Personal,No
10312,26,103716,1081570,Rejected,558,Unemployed,Home,No
10313,44,122815,533513,Approved,527,Self-Employed,Personal,Yes
10314,39,140919,151345,Approved,534,Salaried,Home,Yes
10315,48,115909,94122,Approved,533,Salaried,Personal,Yes
10316,55,64450,747746,Rejected,509,Self-Employed,Personal,No
10317,33,54899,669421,Approved,797,Self-Employed,Car,No
10318,32,47623,870935,Approved,530,Business,Home,Yes
10319,42,62819,903037,Approved,561,Self-Employed,Personal,Yes
10320,32,48622,521634,Approved,590,Salaried,Car,Yes
10321,41,135088,356810,Approved,532,Self-Employed,Education,Yes
10322,23,117990,650274,Approved,676,Salaried,Personal,No
10323,49,46244,527747,Approved,840,Salaried,Home,No
10324,24,46524,163340,Rejected,559,Self-Employed,Personal,No
10325,37,89102,936768,Approved,627,Unemployed,Personal,No
10326,41,65865,799181,Approved,732,Business,Education,No
10327,26,75848,562743,Approved,750,Self-Employed,Car,No
10328,59,105082,288736,Rejected,622,Business,Personal,No
10329,55,59821,752625,Approved,689,Business,Education,No
10330,44,66122,712470,Approved,702,Salaried,Education,No
10331,44,36691,684236,Approved,586,Self-Employed,Car,Yes
10332,31,79989,1402442,Approved,821,Self-Employed,Home,No
10333,31,30444,1333537,Rejected,629,Unemployed,Home,No
10334,31,56343,1042090,Approved,658,Business,Personal,No
10335,30,92085,790843,Approved,730,Self-Employed,Personal,No
10336,41,29068,1486774,Approved,595,Salaried,Education,Yes
10337,33,105127,796580,Approved,687,Unemployed,Car,No
10338,42,105746,302528,Rejected,594,Salaried,Education,No
10339,60,113271,490754,Rejected,531,Unemployed,Home,No
10340,57,72816,562422,Approved,684,Self-Employed,Personal,No
10341,39,111452,1242138,Approved,503,Salaried,Home,Yes
10342,35,68350,1111490,Approved,636,Self-Employed,Home,No
10343,25,60821,1252516,Approved,761,Business,Education,No
10344,58,87076,1046098,Rejected,593,Self-Employed,Car,No
10345,25,56296,480369,Approved,617,Self-Employed,Home,Yes
10346,22,41442,1068621,Approved,685,Salaried,Home,No
10347,44,30808,1328621,Rejected,621,Salaried,Home,No
10348,33,98854,768117,Rejected,584,Self-Employed,Personal,No
10349,51,92364,125928,Rejected,526,Business,Car,No
10350,29,83988,193247,Approved,761,Unemployed,Car,No
10351,59,61648,1251435,Rejected,545,Unemployed,Education,No
10352,25,54350,181976,Approved,837,Salaried,Car,No
10353,32,139074,736748,Rejected,615,Unemployed,Car,No
10354,40,144796,1072538,Approved,712,Unemployed,Personal,No
10355,31,103060,659816,Rejected,524,Business,Personal,No
10356,60,48495,633665,Approved,682,Unemployed,Education,No
10357,59,53541,1466388,Rejected,588,Self-Employed,Car,No
10358,27,72036,798390,Approved,767,Business,Home,No
10359,49,39667,1059020,Approved,624,Self-Employed,Personal,No
10360,25,25049,1139165,Rejected,759,Business,Education,No
10361,54,124214,407434,Approved,788,Business,Education,No
10362,21,70594,1209023,Approved,787,Self-Employed,Education,No
10363,58,97157,832517,Rejected,526,Unemployed,Car,No
10364,36,110136,1402409,Approved,839,Salaried,Car,No
10365,49,119352,798844,Rejected,599,Self-Employed,Home,No
10366,23,145067,813509,Approved,790,Self-Employed,Car,No
10367,57,84279,1053045,Rejected,504,Salaried,Home,No
10368,31,86786,486981,Approved,704,Salaried,Education,No
10369,41,54350,340084,Approved,586,Self-Employed,Car,Yes
10370,60,89502,696253,Rejected,619,Business,Education,No
10371,53,92368,702412,Rejected,586,Self-Employed,Car,No
10372,30,109420,63502,Approved,674,Business,Personal,No
10373,45,113482,1423054,Approved,762,Business,Home,No
10374,49,126814,1168234,Approved,726,Self-Employed,Car,No
10375,24,31163,275059,Rejected,549,Self-Employed,Education,No
10376,46,43853,1046213,Approved,729,Self-Employed,Personal,No
10377,58,78977,1074016,Approved,699,Unemployed,Car,No
10378,32,130349,1303857,Approved,639,Salaried,Home,No
10379,25,147848,1203612,Rejected,617,Unemployed,Education,No
10380,42,136503,263158,Approved,698,Business,Personal,No
10381,38,141958,908531,Approved,738,Salaried,Car,No
10382,31,72592,1184627,Approved,718,Self-Employed,Education,No
10383,41,39130,783897,Approved,570,Self-Employed,Home,Yes
10384,50,105143,376646,Approved,552,Business,Personal,Yes
10385,50,39884,835449,Approved,786,Unemployed,Car,No
10386,46,21856,862706,Rejected,749,Unemployed,Education,No
10387,58,70720,706714,Rejected,648,Salaried,Home,No
10388,32,78429,371564,Approved,734,Salaried,Personal,No
10389,55,61757,713429,Approved,753,Unemployed,Car,No
10390,56,97632,1020123,Approved,665,Business,Education,No
10391,55,138970,507461,Approved,585,Self-Employed,Home,Yes
10392,24,122318,723065,Approved,817,Unemployed,Personal,No
10393,47,143553,112311,Approved,676,Unemployed,Car,No
10394,59,98024,1435539,Approved,709,Unemployed,Home,No
10395,35,61096,883492,Approved,696,Salaried,Home,No
10396,45,105370,784337,Approved,809,Self-Employed,Home,No
10397,25,127855,1332111,Approved,663,Self-Employed,Education,No
10398,39,32549,960085,Rejected,502,Salaried,Car,No
10399,30,34601,1169069,Rejected,591,Self-Employed,Car,No
10400,48,62670,1187052,Approved,826,Self-Employed,Car,No
10401,33,40759,395492,Approved,775,Self-Employed,Home,No
10402,28,77936,1276730,Approved,767,Business,Home,No
10403,29,131369,750099,Approved,810,Self-Employed,Car,No
10404,22,67005,415221,Rejected,615,Business,Home,No
10405,23,140928,1416048,Approved,545,Business,Home,Yes
10406,34,67253,339135,Rejected,643,Salaried,Car,No
10407,51,23909,1159471,Approved,736,Self-Employed,Home,No
10408,21,114695,687594,Approved,521,Self-Employed,Car,Yes
10409,27,126616,281001,Approved,704,Salaried,Car,No
10410,49,114192,1259484,Approved,767,Unemployed,Education,No
10411,30,76514,829011,Approved,831,Business,Car,No
10412,47,77173,821849,Approved,781,Self-Employed,Home,No
10413,25,38982,549125,Rejected,622,Self-Employed,Personal,No
10414,50,122825,1343208,Approved,725,Salaried,Personal,No
10415,32,126833,1155776,Rejected,503,Business,Personal,No
10416,47,37405,544284,Approved,838,Business,Car,No
10417,42,96672,149197,Approved,759,Self-Employed,Education,No
10418,54,67717,1276281,Approved,530,Salaried,Car,Yes
10419,28,77246,361928,Approved,509,Self-Employed,Car,Yes
10420,39,23244,1040621,Approved,826,Business,Personal,No
10421,58,76493,242637,Approved,740,Self-Employed,Personal,No
10422,55,131154,1463518,Approved,701,Self-Employed,Education,No
10423,54,69789,1051580,Approved,662,Salaried,Education,No
10424,25,47614,1291162,Approved,812,Salaried,Car,No
10425,27,66519,271694,Approved,600,Salaried,Personal,Yes
10426,53,76601,541722,Approved,546,Business,Car,Yes
10427,57,76232,1225416,Approved,652,Salaried,Education,No
10428,59,23798,630421,Approved,817,Business,Education,No
10429,38,139176,724522,Approved,744,Salaried,Education,No
10430,38,87328,414510,Approved,724,Unemployed,Education,No
10431,58,97320,432927,Approved,664,Business,Education,No
10432,56,98233,885582,Approved,744,Unemployed,Home,No
10433,22,28279,360033,Rejected,752,Unemployed,Personal,No
10434,40,123489,1185000,Approved,655,Salaried,Home,No
10435,53,38083,1004450,Rejected,519,Business,Education,No
10436,55,68665,312412,Approved,507,Unemployed,Home,Yes
10437,50,57133,75113,Approved,831,Salaried,Car,No
10438,57,72617,284972,Approved,550,Business,Car,Yes
10439,60,85320,1160989,Approved,675,Self-Employed,Personal,No
10440,31,27280,1344231,Rejected,559,Salaried,Personal,No
10441,33,41220,1168432,Approved,576,Self-Employed,Home,Yes
10442,53,66253,1497139,Approved,788,Unemployed,Education,No
10443,60,37654,649602,Approved,795,Salaried,Home,No
10444,59,54714,169233,Rejected,511,Unemployed,Education,No
10445,48,77215,192388,Rejected,594,Salaried,Home,No
10446,47,66502,794439,Approved,761,Self-Employed,Home,No
10447,35,50075,174455,Approved,687,Business,Personal,No
10448,41,126713,506424,Rejected,612,Self-Employed,Car,No
10449,27,82600,1485958,Approved,813,Business,Personal,No
10450,40,54407,660619,Approved,606,Business,Home,Yes
10451,45,79907,1172605,Rejected,512,Self-Employed,Home,No
10452,27,136146,670834,Approved,819,Self-Employed,Education,No
10453,54,63771,256270,Approved,627,Business,Home,No
10454,32,85073,801803,Approved,829,Business,Education,No
10455,56,147377,934670,Rejected,512,Self-Employed,Education,No
10456,29,27949,663373,Approved,698,Salaried,Education,No
10457,59,55575,1054080,Approved,804,Unemployed,Education,No
10458,53,128775,273546,Approved,666,Unemployed,Home,No
10459,22,93600,1436298,Rejected,549,Business,Car,No
10460,27,57236,341494,Approved,543,Business,Education,Yes
10461,51,96377,322517,Approved,786,Business,Education,No
10462,35,86766,109020,Approved,692,Business,Personal,No
10463,59,31015,573988,Approved,844,Business,Personal,No
10464,26,58483,1330923,Approved,520,Salaried,Car,Yes
10465,25,128497,145096,Approved,799,Unemployed,Car,No
10466,40,31896,1177118,Approved,740,Unemployed,Car,No
10467,31,136409,1366275,Approved,681,Unemployed,Home,No
10468,59,50497,570717,Approved,824,Unemployed,Home,No
10469,40,128980,1174712,Approved,665,Salaried,Car,No
10470,51,53124,1428771,Approved,617,Self-Employed,Home,Yes
10471,26,54030,886148,Approved,603,Self-Employed,Home,Yes
10472,41,70603,492552,Approved,581,Business,Personal,Yes
10473,46,123555,286197,Approved,659,Unemployed,Home,No
10474,53,148925,1416713,Approved,728,Salaried,Car,No
10475,25,29234,534238,Approved,561,Business,Education,Yes
10476,59,144906,401505,Approved,734,Salaried,Education,No
10477,33,22034,560424,Rejected,657,Unemployed,Home,No
10478,37,140653,782857,Approved,636,Salaried,Car,No
10479,21,102165,975474,Rejected,521,Salaried,Home,No
10480,49,106740,688011,Approved,558,Salaried,Home,Yes
10481,22,45516,1384734,Approved,569,Business,Personal,Yes
10482,56,49806,1046602,Approved,588,Self-Employed,Personal,Yes
10483,25,22094,337569,Approved,664,Unemployed,Personal,No
10484,46,21037,1190401,Rejected,643,Unemployed,Car,No
10485,46,89480,1158543,Approved,773,Unemployed,Education,No
10486,26,43585,1055142,Approved,788,Self-Employed,Education,No
10487,60,47298,1152891,Approved,513,Unemployed,Personal,Yes
10488,35,61766,882354,Approved,520,Business,Education,Yes
10489,23,37184,1214692,Approved,710,Unemployed,Education,No
10490,58,25817,506345,Rejected,599,Business,Car,No
10491,54,22998,1244473,Approved,636,Self-Employed,Home,No
10492,26,47647,1057518,Rejected,584,Business,Personal,No
10493,21,39787,257469,Approved,520,Business,Education,Yes
10494,34,94226,1032812,Approved,838,Business,Personal,No
10495,35,28316,316539,Rejected,673,Business,Education,No
10496,48,127084,1271223,Rejected,627,Unemployed,Education,No
10497,43,70628,1237666,Approved,617,Salaried,Education,Yes
10498,59,102577,772476,Rejected,538,Business,Personal,No
10499,24,148216,1015323,Rejected,556,Business,Home,No
10500,53,31968,752972,Approved,846,Unemployed,Personal,No
10501,58,88679,1339798,Approved,671,Self-Employed,Home,No
10502,48,110107,703481,Approved,726,Business,Home,No
10503,45,23630,1101211,Rejected,630,Unemployed,Personal,No
10504,22,94121,227128,Approved,666,Self-Employed,Home,No
10505,39,117004,219878,Rejected,587,Unemployed,Education,No
10506,49,133474,1472094,Approved,741,Business,Personal,No
10507,57,30926,1455943,Rejected,517,Salaried,Personal,No
10508,23,55224,702077,Approved,590,Unemployed,Education,Yes
10509,50,134541,766929,Approved,621,Unemployed,Home,No
10510,22,77734,1123874,Approved,601,Self-Employed,Education,Yes
10511,35,30658,878405,Approved,520,Unemployed,Home,Yes
10512,50,90568,1350403,Approved,769,Salaried,Home,No
10513,48,49112,589517,Approved,844,Self-Employed,Education,No
10514,23,99328,841878,Approved,710,Business,Education,No
10515,38,78022,756738,Approved,789,Salaried,Personal,No
10516,51,129073,929433,Approved,582,Self-Employed,Education,Yes
10517,38,149855,916099,Approved,746,Unemployed,Car,No
10518,50,134048,883748,Approved,782,Unemployed,Education,No
10519,36,67032,1187039,Approved,778,Unemployed,Home,No
10520,22,131701,1428756,Approved,537,Business,Car,Yes
10521,37,120926,1282920,Approved,629,Salaried,Education,No
10522,51,34485,510552,Approved,577,Business,Personal,Yes
10523,32,28934,248835,Approved,739,Salaried,Education,No
10524,38,26723,1159992,Rejected,741,Unemployed,Home,No
10525,28,64415,717887,Approved,695,Unemployed,Education,No
10526,26,50046,975654,Approved,787,Business,Car,No
10527,48,112953,964004,Approved,800,Self-Employed,Car,No
10528,30,132329,160822,Approved,669,Business,Car,No
10529,25,102732,1293632,Approved,662,Self-Employed,Home,No
10530,28,89662,478524,Approved,744,Unemployed,Home,No
10531,60,89129,1363424,Approved,582,Unemployed,Home,Yes
10532,29,104769,888767,Approved,717,Unemployed,Education,No
10533,23,89759,207704,Approved,512,Self-Employed,Car,Yes
10534,34,139231,880910,Approved,727,Business,Car,No
10535,59,132625,758736,Approved,746,Salaried,Car,No
10536,58,100071,164931,Approved,571,Self-Employed,Education,Yes
10537,21,28538,100496,Rejected,593,Self-Employed,Car,No
10538,46,113535,1186381,Approved,761,Unemployed,Car,No
10539,56,70370,271010,Approved,702,Self-Employed,Education,No
10540,25,115240,705795,Approved,568,Business,Personal,Yes
10541,39,65220,1429573,Approved,508,Unemployed,Education,Yes
10542,55,61387,872157,Rejected,526,Salaried,Education,No
10543,46,116436,308541,Approved,789,Salaried,Personal,No
10544,56,98072,906592,Approved,678,Business,Home,No
10545,23,38765,648781,Approved,764,Self-Employed,Education,No
10546,57,81494,665932,Approved,798,Salaried,Car,No
10547,46,90659,1294454,Approved,710,Unemployed,Home,No
10548,31,79406,874435,Approved,795,Salaried,Home,No
10549,59,97111,1341766,Approved,701,Business,Car,No
10550,52,115580,120298,Approved,820,Self-Employed,Car,No
10551,38,70884,624973,Approved,563,Salaried,Car,Yes
10552,27,81336,367392,Approved,738,Self-Employed,Home,No
10553,23,49469,217629,Approved,555,Salaried,Personal,Yes
10554,23,53063,920196,Approved,575,Salaried,Car,Yes
10555,45,147803,1337954,Approved,819,Self-Employed,Home,No
10556,55,95251,1076232,Approved,587,Business,Car,Yes
10557,41,89482,197771,Approved,822,Salaried,Personal,No
10558,57,59047,258511,Approved,730,Salaried,Personal,No
10559,24,117273,639656,Approved,780,Unemployed,Car,No
10560,50,70229,295857,Approved,830,Unemployed,Home,No
10561,29,86808,1101685,Approved,512,Business,Car,Yes
10562,48,126375,1459650,Rejected,579,Salaried,Car,No
10563,37,119544,492571,Approved,668,Self-Employed,Home,No
10564,60,20974,532494,Rejected,747,Self-Employed,Car,No
10565,42,76025,1358425,Approved,725,Unemployed,Personal,No
10566,24,89122,669361,Approved,763,Self-Employed,Car,No
10567,34,50067,557601,Approved,692,Unemployed,Car,No
10568,21,84510,1112853,Approved,571,Business,Education,Yes
10569,54,124794,628836,Rejected,551,Salaried,Home,No
10570,46,38639,290601,Approved,841,Self-Employed,Education,No
10571,31,48233,621564,Approved,687,Unemployed,Car,No
10572,37,94302,363175,Rejected,515,Unemployed,Home,No
10573,59,90252,83439,Approved,675,Self-Employed,Personal,No
10574,33,54021,1397951,Rejected,617,Business,Personal,No
10575,44,118663,447533,Rejected,554,Business,Personal,No
10576,57,63224,1485019,Approved,710,Unemployed,Car,No
10577,46,118826,1338899,Rejected,641,Salaried,Car,No
10578,35,100306,1039882,Approved,677,Salaried,Car,No
10579,27,97950,1163828,Rejected,527,Self-Employed,Home,No
10580,39,75483,885662,Approved,818,Salaried,Personal,No
10581,46,40017,1281095,Rejected,606,Business,Education,No
10582,27,73757,1405737,Rejected,584,Self-Employed,Education,No
10583,56,122060,125883,Approved,652,Self-Employed,Car,No
10584,37,127901,1409359,Approved,763,Business,Car,No
10585,29,77200,749310,Approved,766,Self-Employed,Car,No
10586,38,25206,701360,Rejected,757,Business,Car,No
10587,37,40929,657716,Rejected,634,Self-Employed,Car,No
10588,45,135547,1462122,Approved,726,Self-Employed,Education,No
10589,45,25186,244506,Approved,798,Unemployed,Home,No
10590,54,117730,690630,Rejected,520,Salaried,Education,No
10591,29,140771,71828,Approved,676,Unemployed,Home,No
10592,54,76957,555071,Approved,766,Salaried,Personal,No
10593,42,22493,1418795,Rejected,727,Self-Employed,Personal,No
10594,60,128778,489256,Approved,719,Self-Employed,Car,No
10595,23,25097,1092738,Rejected,699,Business,Personal,No
10596,48,149460,154583,Rejected,617,Business,Car,No
10597,59,46629,1265292,Approved,761,Unemployed,Personal,No
10598,46,133512,1422185,Approved,591,Business,Home,Yes
10599,47,108933,878837,Rejected,611,Salaried,Car,No
10600,23,54087,228887,Rejected,592,Business,Car,No
10601,40,33152,673486,Rejected,527,Self-Employed,Education,No
10602,56,47367,314440,Rejected,521,Salaried,Education,No
10603,21,115247,850410,Approved,674,Unemployed,Personal,No
10604,31,98357,469262,Approved,537,Business,Home,Yes
10605,35,140806,901743,Approved,849,Salaried,Personal,No
10606,54,74486,1343693,Rejected,589,Business,Personal,No
10607,33,40863,515734,Rejected,546,Unemployed,Education,No
10608,33,86453,1299548,Rejected,630,Self-Employed,Education,No
10609,60,53787,358545,Approved,823,Unemployed,Car,No
10610,58,115005,627818,Approved,756,Self-Employed,Home,No
10611,55,106741,96055,Approved,553,Unemployed,Home,Yes
10612,41,48789,391422,Approved,834,Self-Employed,Personal,No
10613,45,54308,590048,Approved,608,Business,Car,Yes
10614,23,133239,372624,Approved,754,Unemployed,Education,No
10615,44,73175,796652,Approved,816,Unemployed,Home,No
10616,38,124875,604187,Approved,747,Unemployed,Home,No
10617,30,71084,178306,Rejected,536,Salaried,Car,No
10618,34,79485,694900,Approved,520,Unemployed,Car,Yes
10619,60,84932,954782,Approved,720,Unemployed,Education,No
10620,59,114398,1069119,Rejected,599,Business,Education,No
10621,27,30603,387798,Approved,672,Business,Car,No
10622,45,36135,839402,Approved,526,Self-Employed,Education,Yes
10623,35,132594,1491959,Approved,744,Self-Employed,Education,No
10624,29,48849,1348891,Rejected,549,Unemployed,Car,No
10625,31,69598,1372882,Approved,747,Salaried,Home,No
10626,53,46008,1475790,Rejected,627,Salaried,Home,No
10627,56,21713,60285,Approved,690,Self-Employed,Car,No
10628,40,106052,1472761,Approved,575,Salaried,Home,Yes
10629,58,74792,612941,Approved,566,Self-Employed,Personal,Yes
10630,59,74624,504228,Approved,701,Self-Employed,Education,No
10631,59,28446,1095446,Approved,624,Salaried,Home,No
10632,36,137960,446960,Approved,812,Unemployed,Home,No
10633,25,149969,1253928,Approved,690,Unemployed,Personal,No
10634,54,56539,425999,Approved,836,Business,Education,No
10635,56,140230,1257338,Approved,786,Self-Employed,Home,No
10636,56,97205,296484,Approved,722,Unemployed,Education,No
10637,35,78164,1466158,Approved,787,Unemployed,Education,No
10638,57,44038,159741,Approved,524,Business,Car,Yes
10639,50,95095,832687,Approved,680,Business,Home,No
10640,33,91608,1050837,Approved,774,Self-Employed,Car,No
10641,29,99826,512175,Approved,644,Salaried,Personal,No
10642,48,87115,499204,Approved,843,Business,Car,No
10643,24,69239,477833,Approved,825,Unemployed,Personal,No
10644,40,101441,491989,Approved,719,Business,Personal,No
10645,41,75014,561691,Approved,831,Self-Employed,Personal,No
10646,53,26683,851501,Rejected,583,Business,Personal,No
10647,44,91989,944466,Approved,514,Business,Education,Yes
10648,54,21064,1223956,Rejected,821,Self-Employed,Personal,No
10649,23,147907,332846,Approved,724,Business,Home,No
10650,30,38817,577701,Approved,758,Salaried,Education,No
10651,53,36178,198814,Approved,696,Unemployed,Education,No
10652,34,24933,1161101,Approved,709,Business,Home,No
10653,31,51027,463338,Approved,771,Unemployed,Car,No
10654,51,128240,1334842,Approved,794,Self-Employed,Home,No
10655,39,36156,1245194,Approved,505,Unemployed,Personal,Yes
10656,54,105261,424410,Approved,733,Business,Personal,No
10657,29,127289,1190877,Rejected,522,Unemployed,Home,No
10658,49,148160,449508,Approved,704,Salaried,Education,No
10659,46,67955,70570,Rejected,645,Unemployed,Home,No
10660,21,32435,983899,Approved,707,Self-Employed,Car,No
10661,40,116320,1416795,Approved,612,Unemployed,Car,Yes
10662,23,26679,88990,Approved,593,Unemployed,Education,Yes
10663,38,124547,1294964,Approved,769,Salaried,Car,No
10664,36,135611,74879,Rejected,566,Unemployed,Education,No
10665,52,25116,858971,Approved,556,Business,Car,Yes
10666,35,87887,1273608,Approved,723,Salaried,Car,No
10667,21,125622,367809,Approved,743,Unemployed,Home,No
10668,25,145108,1304008,Rejected,626,Self-Employed,Home,No
10669,29,100110,742439,Approved,599,Self-Employed,Home,Yes
10670,29,121621,120104,Approved,805,Unemployed,Car,No
10671,43,20972,354835,Rejected,504,Business,Personal,No
10672,46,60555,1485742,Rejected,568,Business,Education,No
10673,49,65851,663154,Approved,743,Unemployed,Home,No
10674,21,60829,532210,Approved,527,Salaried,Education,Yes
10675,26,97842,1021416,Rejected,501,Self-Employed,Home,No
10676,60,145149,864606,Approved,613,Self-Employed,Car,Yes
10677,31,31872,742853,Approved,677,Salaried,Personal,No
10678,56,50247,479244,Approved,668,Salaried,Education,No
10679,48,94924,797363,Rejected,584,Salaried,Home,No
10680,32,110101,1084487,Approved,812,Business,Personal,No
10681,48,48660,182982,Rejected,534,Unemployed,Car,No
10682,44,96228,734446,Approved,720,Self-Employed,Personal,No
10683,47,65565,1154663,Approved,754,Salaried,Car,No
10684,49,63160,68238,Approved,615,Business,Car,Yes
10685,33,56454,1117398,Approved,815,Self-Employed,Personal,No
10686,58,60639,169429,Approved,838,Unemployed,Personal,No
10687,58,34632,426854,Approved,827,Self-Employed,Education,No
10688,50,76487,164454,Rejected,572,Unemployed,Education,No
10689,45,138321,236681,Approved,789,Self-Employed,Education,No
10690,53,50561,947555,Approved,749,Unemployed,Personal,No
10691,55,88245,438206,Approved,531,Self-Employed,Home,Yes
10692,43,51145,550861,Approved,769,Business,Education,No
10693,31,122905,542261,Approved,500,Salaried,Home,Yes
10694,56,31829,101816,Rejected,572,Self-Employed,Car,No
10695,42,149401,338967,Rejected,548,Business,Car,No
10696,59,134016,139015,Approved,780,Business,Personal,No
10697,23,115816,1385219,Approved,661,Unemployed,Car,No
10698,45,60213,857289,Approved,747,Salaried,Car,No
10699,58,144964,1491226,Approved,833,Salaried,Personal,No
10700,48,29647,487395,Rejected,563,Self-Employed,Personal,No
10701,25,143858,496017,Approved,674,Unemployed,Home,No
10702,39,133033,1025378,Approved,738,Business,Home,No
10703,45,30947,114689,Approved,537,Business,Car,Yes
10704,39,126795,918952,Rejected,594,Business,Education,No
10705,35,52331,1085301,Rejected,507,Unemployed,Car,No
10706,52,137328,788303,Rejected,556,Self-Employed,Personal,No
10707,45,48181,933108,Rejected,531,Business,Home,No
10708,44,88893,347203,Approved,534,Salaried,Home,Yes
10709,53,91243,1025869,Approved,835,Unemployed,Car,No
10710,51,37663,94095,Approved,731,Unemployed,Education,No
10711,48,113293,811879,Rejected,611,Self-Employed,Car,No
10712,57,136967,1043651,Rejected,638,Unemployed,Education,No
10713,49,28627,283135,Approved,666,Unemployed,Education,No
10714,53,138517,721546,Rejected,627,Self-Employed,Home,No
10715,36,73971,113358,Approved,845,Business,Education,No
10716,35,37825,200805,Rejected,543,Business,Home,No
10717,35,58290,1316292,Approved,700,Salaried,Car,No
10718,39,39635,302005,Approved,720,Unemployed,Car,No
10719,47,92635,178310,Approved,839,Salaried,Home,No
10720,31,87943,1072249,Approved,721,Salaried,Personal,No
10721,43,104746,717338,Approved,657,Unemployed,Personal,No
10722,49,24126,771724,Rejected,645,Unemployed,Home,No
10723,31,140519,651728,Approved,761,Salaried,Car,No
10724,23,36868,325921,Approved,696,Unemployed,Car,No
10725,51,41944,664377,Approved,513,Salaried,Car,Yes
10726,47,90687,1022857,Approved,512,Salaried,Education,Yes
10727,57,94645,84566,Approved,696,Business,Personal,No
10728,34,66378,1277778,Rejected,516,Business,Education,No
10729,33,148425,67573,Rejected,565,Business,Education,No
10730,48,102745,1130128,Rejected,551,Business,Education,No
10731,26,26820,938592,Approved,578,Self-Employed,Car,Yes
10732,50,67416,282365,Approved,803,Salaried,Car,No
10733,34,98948,716190,Approved,581,Unemployed,Home,Yes
10734,34,117900,664929,Approved,785,Business,Personal,No
10735,57,80456,1098991,Approved,727,Unemployed,Education,No
10736,54,120880,1386833,Approved,768,Self-Employed,Education,No
10737,30,20044,417315,Approved,657,Self-Employed,Home,No
10738,29,110905,561486,Approved,734,Salaried,Home,No
10739,52,86381,1199367,Approved,699,Business,Education,No
10740,55,145356,1405375,Approved,758,Business,Education,No
10741,38,82584,312947,Approved,843,Business,Home,No
10742,23,144962,625346,Approved,812,Business,Home,No
10743,34,40333,868553,Approved,726,Unemployed,Personal,No
10744,35,107404,377414,Approved,646,Unemployed,Education,No
10745,59,103247,185186,Approved,838,Salaried,Education,No
10746,25,20029,113019,Approved,841,Salaried,Personal,No
10747,56,52968,178931,Rejected,606,Unemployed,Education,No
10748,43,46242,1488963,Rejected,581,Salaried,Education,No
10749,28,75409,995239,Approved,670,Salaried,Personal,No
10750,24,39426,905086,Approved,807,Self-Employed,Home,No
10751,25,133698,1454443,Rejected,582,Salaried,Education,No
10752,60,58601,1431292,Approved,658,Business,Home,No
10753,24,25750,654168,Approved,581,Unemployed,Personal,Yes
10754,30,53052,273712,Rejected,619,Business,Car,No
10755,33,140862,212301,Approved,567,Salaried,Car,Yes
10756,31,120625,1474273,Approved,589,Business,Home,Yes
10757,21,142838,460183,Approved,790,Self-Employed,Car,No
10758,38,126931,248679,Rejected,541,Self-Employed,Car,No
10759,40,91439,334625,Approved,654,Unemployed,Home,No
10760,55,148866,302729,Approved,653,Self-Employed,Personal,No
10761,49,72376,1392185,Rejected,550,Business,Personal,No
10762,21,134833,666289,Approved,740,Unemployed,Education,No
10763,32,47436,1050826,Approved,780,Self-Employed,Home,No
10764,29,76710,466387,Approved,686,Self-Employed,Education,No
10765,24,52195,291077,Approved,685,Salaried,Personal,No
10766,34,76614,744311,Approved,708,Business,Education,No
10767,50,135363,1428063,Approved,804,Unemployed,Education,No
10768,23,46684,1479213,Rejected,632,Salaried,Home,No
10769,33,62939,266206,Rejected,502,Self-Employed,Home,No
10770,33,59716,697980,Approved,837,Self-Employed,Car,No
10771,22,108938,573613,Approved,805,Unemployed,Car,No
10772,32,124669,1446640,Approved,558,Unemployed,Personal,Yes
10773,57,118365,867142,Approved,751,Salaried,Education,No
10774,35,98565,786538,Approved,531,Self-Employed,Personal,Yes
10775,33,76051,344756,Approved,693,Unemployed,Education,No
10776,26,24876,1197108,Rejected,733,Unemployed,Car,No
10777,42,147340,834601,Rejected,505,Business,Personal,No
10778,38,27662,1453733,Approved,761,Unemployed,Education,No
10779,52,61646,948246,Approved,733,Self-Employed,Home,No
10780,53,25403,890861,Approved,631,Unemployed,Home,No
10781,28,100338,400748,Approved,715,Unemployed,Education,No
10782,59,115054,320815,Rejected,547,Self-Employed,Car,No
10783,57,134656,435683,Approved,732,Salaried,Education,No
10784,30,60015,1120084,Approved,570,Business,Home,Yes
10785,50,86508,1089279,Approved,765,Business,Personal,No
10786,27,110347,666798,Approved,711,Salaried,Education,No
10787,55,76001,910736,Rejected,513,Salaried,Car,No
10788,37,62638,1111090,Approved,514,Salaried,Home,Yes
10789,41,117156,253756,Approved,583,Business,Car,Yes
10790,26,147855,1147887,Approved,753,Business,Personal,No
10791,44,141051,1368707,Rejected,576,Business,Education,No
10792,39,85348,1213303,Approved,539,Salaried,Home,Yes
10793,34,99800,1297785,Approved,686,Self-Employed,Education,No
10794,32,138852,328521,Approved,717,Salaried,Personal,No
10795,43,103681,704302,Approved,850,Unemployed,Car,No
10796,44,142185,700298,Approved,708,Business,Education,No
10797,49,68280,734021,Approved,819,Self-Employed,Education,No
10798,29,111825,1051990,Rejected,628,Business,Car,No
10799,59,26361,666911,Rejected,771,Unemployed,Education,No
10800,29,78571,354022,Approved,831,Self-Employed,Education,No
10801,35,63661,196974,Approved,849,Self-Employed,Car,No
10802,47,101996,909621,Approved,655,Self-Employed,Car,No
10803,60,21316,1424656,Rejected,745,Salaried,Car,No
10804,52,114299,873928,Approved,735,Business,Personal,No
10805,37,83875,1161935,Approved,576,Self-Employed,Car,Yes
10806,45,35954,282494,Approved,664,Business,Home,No
10807,54,124780,991840,Approved,769,Business,Home,No
10808,30,131595,177547,Rejected,596,Unemployed,Education,No
10809,52,57923,127477,Approved,723,Self-Employed,Personal,No
10810,22,144388,1256952,Approved,663,Unemployed,Education,No
10811,36,59352,955644,Approved,679,Unemployed,Education,No
10812,38,35782,1465209,Approved,690,Unemployed,Personal,No
10813,34,115065,1282555,Rejected,555,Salaried,Car,No
10814,42,34471,885841,Approved,735,Unemployed,Car,No
10815,44,38930,1082200,Rejected,529,Business,Personal,No
10816,41,136711,64511,Approved,738,Self-Employed,Home,No
10817,41,39656,477582,Approved,748,Unemployed,Home,No
10818,43,48737,1407955,Approved,842,Salaried,Home,No
10819,59,79569,628540,Approved,843,Business,Education,No
10820,51,67865,945923,Approved,716,Self-Employed,Personal,No
10821,43,143304,166478,Approved,666,Business,Personal,No
10822,55,113696,1098314,Approved,669,Self-Employed,Home,No
10823,25,124721,612685,Approved,754,Business,Education,No
10824,41,81011,1189982,Approved,541,Unemployed,Education,Yes
10825,57,125861,326278,Approved,713,Self-Employed,Personal,No
10826,45,32617,938605,Approved,785,Self-Employed,Home,No
10827,21,93374,1473708,Approved,816,Salaried,Personal,No
10828,26,104593,742768,Rejected,563,Business,Car,No
10829,25,74244,1407520,Approved,730,Business,Car,No
10830,49,72153,1355601,Approved,778,Business,Home,No
10831,59,82666,861816,Approved,554,Unemployed,Car,Yes
10832,37,148149,1431748,Approved,522,Self-Employed,Personal,Yes
10833,21,135474,735592,Approved,673,Self-Employed,Personal,No
10834,47,77557,1348286,Approved,508,Business,Education,Yes
10835,46,27453,107665,Rejected,569,Business,Home,No
10836,41,36818,654932,Approved,813,Self-Employed,Home,No
10837,56,38522,355710,Approved,801,Self-Employed,Home,No
10838,22,129106,495767,Approved,750,Unemployed,Education,No
10839,51,103062,947776,Approved,771,Business,Personal,No
10840,36,113143,844838,Approved,636,Unemployed,Personal,No
10841,53,132419,564985,Approved,719,Self-Employed,Car,No
10842,54,81313,1240548,Approved,780,Unemployed,Car,No
10843,28,134912,241121,Approved,679,Business,Education,No
10844,44,75295,1468228,Approved,759,Business,Education,No
10845,45,90356,109110,Approved,524,Unemployed,Education,Yes
10846,27,22564,783843,Approved,539,Business,Home,Yes
10847,35,38968,1014012,Rejected,538,Unemployed,Home,No
10848,44,44495,538735,Rejected,522,Business,Car,No
10849,59,56948,565326,Approved,505,Business,Car,Yes
10850,33,45816,430658,Approved,656,Unemployed,Personal,No
10851,31,71329,1365006,Approved,800,Self-Employed,Car,No
10852,50,136709,884933,Approved,848,Unemployed,Personal,No
10853,59,66765,533802,Approved,501,Business,Home,Yes
10854,39,141328,860995,Rejected,576,Unemployed,Car,No
10855,21,134711,350774,Approved,596,Self-Employed,Car,Yes
10856,24,141801,1409354,Approved,518,Unemployed,Education,Yes
10857,54,118730,1396640,Approved,556,Self-Employed,Personal,Yes
10858,32,136433,115488,Approved,723,Self-Employed,Home,No
10859,49,144790,722371,Rejected,526,Unemployed,Education,No
10860,58,36729,1189634,Approved,815,Self-Employed,Personal,No
10861,28,79271,1081012,Rejected,617,Salaried,Car,No
10862,30,54921,1392030,Approved,714,Salaried,Car,No
10863,22,145285,58946,Approved,689,Salaried,Home,No
10864,41,40849,138775,Approved,517,Unemployed,Personal,Yes
10865,22,115050,660827,Approved,746,Unemployed,Education,No
10866,58,31719,468506,Rejected,589,Salaried,Car,No
10867,30,67188,456586,Approved,736,Business,Education,No
10868,43,100518,1281233,Approved,540,Self-Employed,Home,Yes
10869,36,31553,704805,Approved,767,Salaried,Car,No
10870,28,96951,1302854,Approved,684,Unemployed,Home,No
10871,40,126091,311197,Rejected,585,Self-Employed,Education,No
10872,29,121623,462999,Rejected,540,Salaried,Education,No
10873,30,94758,561500,Approved,654,Business,Car,No
10874,45,35379,277806,Approved,837,Business,Car,No
10875,51,106399,877726,Rejected,608,Self-Employed,Car,No
10876,41,144831,1386593,Rejected,600,Business,Personal,No
10877,41,125924,275318,Approved,823,Self-Employed,Home,No
10878,44,81654,1374259,Approved,666,Salaried,Personal,No
10879,50,37581,1002631,Approved,755,Unemployed,Home,No
10880,37,100651,377258,Approved,645,Unemployed,Personal,No
10881,42,60983,461972,Rejected,562,Self-Employed,Education,No
10882,29,87096,1164146,Rejected,545,Salaried,Education,No
10883,29,71629,774997,Approved,816,Self-Employed,Education,No
10884,26,120207,1488745,Approved,767,Self-Employed,Home,No
10885,52,81992,844157,Approved,662,Salaried,Car,No
10886,54,118818,1148987,Rejected,633,Business,Personal,No
10887,30,42348,1330043,Approved,632,Business,Personal,No
10888,51,72954,162551,Approved,749,Salaried,Personal,No
10889,35,138334,757147,Approved,697,Unemployed,Car,No
10890,37,51663,909579,Approved,570,Business,Home,Yes
10891,36,44636,1240926,Approved,575,Self-Employed,Car,Yes
10892,34,75134,160303,Approved,762,Unemployed,Car,No
10893,43,106508,965801,Approved,616,Business,Car,Yes
10894,35,138948,1031480,Approved,565,Unemployed,Car,Yes
10895,50,87560,926608,Approved,693,Salaried,Car,No
10896,50,81197,1444175,Rejected,576,Salaried,Car,No
10897,48,141328,545798,Approved,679,Unemployed,Education,No
10898,49,88101,74268,Approved,574,Salaried,Home,Yes
10899,38,67869,519712,Approved,789,Business,Home,No
10900,43,68207,131688,Approved,843,Business,Home,No
10901,55,66311,779025,Approved,838,Unemployed,Education,No
10902,53,54113,1011080,Rejected,542,Salaried,Personal,No
10903,40,140536,495593,Approved,718,Self-Employed,Home,No
10904,38,32037,924788,Approved,700,Unemployed,Car,No
10905,59,83662,243612,Approved,711,Self-Employed,Home,No
10906,51,35905,1129339,Approved,683,Salaried,Personal,No
10907,26,62365,562486,Approved,726,Self-Employed,Personal,No
10908,23,77840,328431,Approved,543,Salaried,Education,Yes
10909,30,84773,313095,Approved,753,Business,Education,No
10910,39,21486,1323634,Rejected,628,Salaried,Personal,No
10911,23,50574,1180523,Approved,841,Salaried,Home,No
10912,45,25494,327866,Rejected,670,Salaried,Education,No
10913,40,62975,483750,Approved,718,Salaried,Education,No
10914,45,149949,578834,Approved,502,Unemployed,Personal,Yes
10915,57,95775,842646,Approved,506,Salaried,Education,Yes
10916,36,28202,929070,Approved,769,Unemployed,Education,No
10917,30,84741,1067524,Approved,818,Self-Employed,Car,No
10918,56,35270,482777,Rejected,637,Business,Personal,No
10919,30,39340,713059,Approved,704,Unemployed,Education,No
10920,59,149974,1011604,Approved,803,Business,Car,No
10921,60,95421,225882,Approved,511,Self-Employed,Home,Yes
10922,60,108090,778671,Approved,721,Salaried,Personal,No
10923,22,121944,539560,Approved,830,Self-Employed,Car,No
10924,33,89335,393485,Approved,781,Self-Employed,Personal,No
10925,24,59365,1386316,Rejected,628,Unemployed,Car,No
10926,44,120828,481668,Approved,500,Self-Employed,Education,Yes
10927,45,20260,432284,Approved,508,Unemployed,Car,Yes
10928,47,106361,446820,Rejected,624,Self-Employed,Education,No
10929,57,69741,140450,Approved,587,Self-Employed,Personal,Yes
10930,24,58162,359018,Approved,780,Unemployed,Education,No
10931,32,142786,1285962,Approved,840,Self-Employed,Home,No
10932,53,145942,358557,Approved,755,Business,Personal,No
10933,32,123455,653881,Approved,636,Business,Car,No
10934,57,112354,141161,Approved,617,Unemployed,Home,Yes
10935,48,128566,637102,Rejected,620,Business,Car,No
10936,33,80099,1126977,Approved,846,Salaried,Car,No
10937,35,49181,1181944,Approved,579,Salaried,Education,Yes
10938,47,141931,943018,Approved,762,Business,Education,No
10939,27,124320,474948,Approved,530,Self-Employed,Education,Yes
10940,48,88884,1120232,Approved,815,Unemployed,Education,No
10941,27,69334,1383768,Approved,847,Unemployed,Car,No
10942,41,132139,418698,Approved,715,Self-Employed,Home,No
10943,25,132071,526013,Approved,543,Business,Car,Yes
10944,52,104083,586782,Rejected,517,Unemployed,Education,No
10945,50,74636,478490,Approved,527,Self-Employed,Car,Yes
10946,30,142539,756238,Approved,837,Business,Car,No
10947,48,108322,682061,Approved,691,Unemployed,Car,No
10948,35,79446,877005,Approved,668,Self-Employed,Personal,No
10949,27,106438,1362379,Approved,569,Unemployed,Home,Yes
10950,53,133879,987426,Approved,704,Salaried,Car,No
10951,47,61388,350034,Approved,663,Self-Employed,Personal,No
10952,45,47572,888716,Approved,814,Business,Personal,No
10953,34,34755,340783,Approved,694,Business,Personal,No
10954,54,146955,1283107,Approved,625,Business,Education,No
10955,31,118846,62198,Approved,680,Business,Personal,No
10956,29,118992,1098409,Approved,696,Self-Employed,Home,No
10957,59,28038,763471,Approved,600,Unemployed,Education,Yes
10958,56,85197,1109970,Approved,770,Salaried,Education,No
10959,30,45210,71284,Approved,657,Salaried,Education,No
10960,32,104896,100238,Approved,692,Self-Employed,Car,No
10961,39,38059,408068,Approved,652,Unemployed,Home,No
10962,49,101617,493455,Approved,760,Salaried,Home,No
10963,34,99413,839015,Approved,667,Business,Car,No
10964,23,108186,879156,Approved,545,Business,Home,Yes
10965,43,137393,698196,Rejected,592,Business,Personal,No
10966,43,65201,778284,Approved,817,Self-Employed,Home,No
10967,36,74332,1452695,Rejected,532,Unemployed,Home,No
10968,55,138021,1022560,Approved,671,Salaried,Education,No
10969,52,112191,1073209,Rejected,567,Business,Personal,No
10970,32,57458,1225760,Approved,693,Business,Home,No
10971,22,51903,1397930,Approved,747,Unemployed,Car,No
10972,49,60563,215130,Approved,529,Self-Employed,Car,Yes
10973,24,67422,1040901,Approved,623,Salaried,Personal,No
10974,51,137318,1011879,Approved,739,Self-Employed,Education,No
10975,46,43048,267552,Approved,624,Unemployed,Car,No
10976,22,33826,480985,Approved,719,Business,Car,No
10977,38,124399,692983,Rejected,556,Self-Employed,Education,No
10978,41,123194,703034,Approved,800,Salaried,Car,No
10979,40,45777,585114,Approved,737,Salaried,Home,No
10980,41,142480,1007569,Rejected,556,Business,Personal,No
10981,37,25520,343630,Rejected,832,Unemployed,Car,No
10982,46,138813,425387,Approved,526,Unemployed,Education,Yes
10983,59,50076,1057045,Approved,583,Business,Education,Yes
10984,40,148468,241497,Approved,813,Self-Employed,Education,No
10985,58,143626,962750,Approved,751,Salaried,Home,No
10986,22,93161,1169802,Approved,745,Self-Employed,Home,No
10987,23,137871,1178326,Approved,654,Business,Education,No
10988,37,94672,781277,Approved,782,Unemployed,Car,No
10989,57,24444,427705,Rejected,718,Business,Home,No
10990,37,115139,559934,Approved,533,Unemployed,Car,Yes
10991,39,82673,1060277,Approved,583,Self-Employed,Personal,Yes
10992,57,96201,1146564,Approved,673,Salaried,Car,No
10993,56,99078,523610,Approved,803,Self-Employed,Home,No
10994,48,102723,1334411,Approved,660,Business,Home,No
10995,32,135965,51846,Approved,603,Salaried,Personal,Yes
10996,45,122787,808196,Approved,723,Self-Employed,Home,No
10997,21,127182,943155,Rejected,516,Salaried,Home,No
10998,28,68444,834953,Approved,782,Business,Home,No
10999,54,103719,247105,Approved,662,Salaried,Education,No
11000,50,50795,896598,Approved,787,Business,Personal,No
11001,59,97309,838519,Approved,509,Unemployed,Car,Yes
11002,46,85070,897688,Approved,689,Salaried,Personal,No
11003,47,99437,948298,Approved,800,Self-Employed,Home,No
11004,42,44988,345756,Approved,751,Unemployed,Education,No
11005,21,136007,816533,Approved,690,Salaried,Car,No
11006,45,37271,1403051,Rejected,518,Salaried,Home,No
11007,37,63639,135060,Approved,540,Self-Employed,Home,Yes
11008,41,148921,492085,Rejected,580,Self-Employed,Education,No
11009,44,37259,702562,Approved,803,Business,Home,No
11010,22,95250,423773,Approved,820,Salaried,Personal,No
11011,30,74295,1433587,Approved,649,Salaried,Home,No
11012,59,146313,1149778,Approved,762,Unemployed,Education,No
11013,51,93265,974854,Approved,738,Unemployed,Personal,No
11014,27,134293,679228,Approved,617,Self-Employed,Personal,Yes
11015,34,149100,425644,Approved,835,Business,Education,No
11016,29,128358,1234291,Approved,618,Business,Home,Yes
11017,28,70221,983085,Approved,683,Business,Personal,No
11018,52,121058,172910,Rejected,627,Self-Employed,Car,No
11019,25,118193,716762,Approved,544,Unemployed,Car,Yes
11020,55,142227,1388606,Approved,530,Salaried,Car,Yes
11021,53,140619,323195,Approved,588,Salaried,Personal,Yes
11022,25,118962,1181952,Approved,684,Salaried,Education,No
11023,54,104919,1460360,Approved,773,Business,Personal,No
11024,50,94296,1461070,Rejected,509,Unemployed,Car,No
11025,26,65502,185000,Rejected,589,Salaried,Home,No
11026,33,94610,1454520,Approved,614,Business,Home,Yes
11027,43,88628,1461234,Approved,751,Self-Employed,Personal,No
11028,53,139777,697685,Approved,549,Salaried,Car,Yes
11029,57,62239,1177091,Approved,725,Business,Car,No
11030,39,119209,1111777,Approved,724,Self-Employed,Education,No
11031,40,96332,615316,Rejected,539,Salaried,Car,No
11032,29,84175,1272473,Approved,834,Unemployed,Car,No
11033,28,95740,656952,Approved,723,Self-Employed,Home,No
11034,45,90847,1275001,Rejected,537,Self-Employed,Education,No
11035,23,109386,581747,Rejected,620,Salaried,Car,No
11036,45,33677,325672,Rejected,623,Unemployed,Education,No
11037,47,121700,220396,Approved,761,Salaried,Education,No
11038,48,46046,876402,Approved,789,Self-Employed,Car,No
11039,29,132407,842029,Rejected,528,Salaried,Personal,No
11040,21,65345,1130024,Approved,728,Self-Employed,Car,No
11041,34,115126,974305,Approved,818,Self-Employed,Home,No
11042,45,63512,978762,Rejected,642,Self-Employed,Car,No
11043,26,120476,1353330,Approved,811,Business,Personal,No
11044,57,97778,1191526,Approved,624,Business,Personal,No
11045,49,86275,1192877,Rejected,585,Unemployed,Personal,No
11046,58,49387,1142440,Approved,549,Self-Employed,Education,Yes
11047,26,82413,578005,Approved,795,Salaried,Car,No
11048,42,99227,1478842,Approved,696,Business,Home,No
11049,30,85742,1236756,Approved,729,Business,Personal,No
11050,37,73673,1183447,Approved,795,Salaried,Personal,No
11051,45,142423,298455,Approved,636,Salaried,Education,No
11052,55,65113,206668,Approved,700,Business,Education,No
11053,31,72446,138989,Rejected,633,Business,Education,No
11054,49,22040,1469099,Rejected,624,Salaried,Home,No
11055,46,47462,274973,Approved,736,Business,Home,No
11056,46,76973,103910,Rejected,643,Salaried,Personal,No
11057,47,37141,1298913,Rejected,590,Business,Home,No
11058,26,91799,138621,Approved,711,Business,Home,No
11059,31,58940,133284,Approved,832,Unemployed,Car,No
11060,23,100549,1147762,Approved,667,Salaried,Car,No
11061,52,31376,392774,Approved,824,Business,Education,No
11062,37,126765,991969,Rejected,511,Salaried,Education,No
11063,24,65484,468323,Approved,675,Self-Employed,Home,No
11064,29,143678,240905,Rejected,520,Self-Employed,Personal,No
11065,41,84616,1292425,Approved,793,Salaried,Education,No
11066,45,95714,1190856,Approved,694,Self-Employed,Home,No
11067,56,120837,269295,Approved,713,Self-Employed,Education,No
11068,56,21106,1300271,Rejected,792,Business,Car,No
11069,56,134276,1369797,Approved,840,Self-Employed,Home,No
11070,48,127270,420443,Approved,556,Unemployed,Personal,Yes
11071,43,81932,1093506,Approved,769,Unemployed,Home,No
11072,36,54605,197875,Approved,760,Self-Employed,Car,No
11073,60,92899,510399,Approved,634,Self-Employed,Home,No
11074,50,66741,320481,Approved,816,Unemployed,Home,No
11075,23,75621,986787,Approved,752,Self-Employed,Personal,No
11076,56,69576,1449175,Approved,848,Unemployed,Education,No
11077,40,56465,382054,Approved,683,Salaried,Car,No
11078,48,126603,558024,Approved,686,Unemployed,Personal,No
11079,36,113461,188478,Approved,687,Salaried,Car,No
11080,57,66415,1137124,Approved,506,Salaried,Education,Yes
11081,21,95211,425494,Approved,736,Self-Employed,Personal,No
11082,44,28704,1123797,Rejected,570,Self-Employed,Education,No
11083,59,32418,1131059,Rejected,639,Self-Employed,Education,No
11084,30,35851,1409680,Approved,568,Business,Personal,Yes
11085,32,49415,652138,Approved,554,Self-Employed,Personal,Yes
11086,59,111167,501435,Rejected,506,Self-Employed,Education,No
11087,40,39567,761523,Approved,690,Salaried,Education,No
11088,60,100730,457203,Approved,673,Business,Personal,No
11089,49,114646,455011,Rejected,584,Unemployed,Personal,No
11090,35,135530,222973,Approved,533,Self-Employed,Home,Yes
11091,36,113779,1194514,Approved,684,Self-Employed,Personal,No
11092,49,24219,257043,Rejected,589,Self-Employed,Education,No
11093,53,139867,531774,Approved,622,Unemployed,Personal,No
11094,56,107140,392428,Approved,720,Unemployed,Home,No
11095,43,118408,1381617,Approved,806,Unemployed,Home,No
11096,58,51035,264715,Approved,779,Unemployed,Personal,No
11097,40,92910,424516,Rejected,564,Unemployed,Education,No
11098,59,127860,98817,Approved,830,Salaried,Home,No
11099,41,82535,156369,Rejected,604,Salaried,Education,No
11100,46,84754,1179925,Approved,782,Business,Home,No
11101,27,109015,1388833,Rejected,598,Unemployed,Home,No
11102,21,28819,1450316,Approved,840,Salaried,Education,No
11103,53,63617,624501,Approved,826,Business,Home,No
11104,56,39394,998403,Rejected,521,Business,Education,No
11105,24,103965,176764,Approved,648,Self-Employed,Car,No
11106,50,93210,1036011,Approved,740,Self-Employed,Personal,No
11107,28,62124,678092,Approved,719,Self-Employed,Home,No
11108,38,97139,608721,Approved,850,Salaried,Car,No
11109,44,75685,1112090,Approved,717,Business,Education,No
11110,35,32881,420743,Approved,764,Business,Education,No
11111,24,33437,227074,Approved,705,Unemployed,Education,No
11112,33,105832,1476101,Approved,751,Business,Car,No
11113,55,86335,286743,Approved,802,Self-Employed,Personal,No
11114,52,70509,601564,Approved,814,Salaried,Car,No
11115,31,71638,255621,Approved,526,Unemployed,Home,Yes
11116,32,131985,659773,Approved,788,Self-Employed,Personal,No
11117,21,74824,654204,Rejected,580,Self-Employed,Home,No
11118,56,44937,308036,Approved,671,Self-Employed,Education,No
11119,40,101813,132145,Approved,809,Self-Employed,Home,No
11120,42,106259,1111051,Approved,597,Business,Home,Yes
11121,41,96329,1241651,Rejected,637,Salaried,Home,No
11122,45,90675,859445,Approved,706,Unemployed,Personal,No
11123,42,37670,593483,Rejected,637,Self-Employed,Education,No
11124,33,70289,1034245,Approved,547,Salaried,Education,Yes
11125,37,143563,699201,Approved,710,Unemployed,Car,No
11126,33,66806,1413767,Rejected,566,Salaried,Home,No
11127,34,54340,1170333,Approved,773,Self-Employed,Home,No
11128,57,106780,192785,Approved,672,Business,Personal,No
11129,37,132816,1388115,Approved,529,Self-Employed,Personal,Yes
11130,43,132545,244927,Approved,586,Self-Employed,Home,Yes
11131,60,25684,1109567,Rejected,813,Business,Personal,No
11132,24,90933,552940,Approved,767,Salaried,Home,No
11133,41,75877,420397,Rejected,516,Unemployed,Education,No
11134,22,140081,1013742,Approved,674,Business,Education,No
11135,52,82056,795062,Approved,835,Business,Home,No
11136,24,108585,1150864,Approved,668,Salaried,Car,No
11137,22,70337,372842,Approved,743,Business,Home,No
11138,55,99927,1030327,Approved,591,Salaried,Home,Yes
11139,47,79412,1270715,Approved,829,Self-Employed,Personal,No
11140,23,94246,1351014,Approved,703,Business,Personal,No
11141,21,136842,346869,Approved,615,Unemployed,Education,Yes
11142,27,105815,865871,Approved,662,Salaried,Personal,No
11143,33,65889,788164,Rejected,521,Unemployed,Education,No
11144,39,105308,1108818,Approved,582,Self-Employed,Home,Yes
11145,57,20090,963867,Approved,610,Business,Home,Yes
11146,21,77184,384111,Approved,781,Business,Car,No
11147,32,125702,1349829,Approved,793,Self-Employed,Education,No
11148,39,61527,290963,Approved,830,Salaried,Personal,No
11149,51,26731,1214931,Approved,696,Salaried,Car,No
11150,50,137292,610312,Approved,529,Business,Car,Yes
11151,40,80058,150287,Approved,564,Salaried,Car,Yes
11152,26,129737,948364,Approved,720,Business,Personal,No
11153,43,93346,1279109,Rejected,586,Business,Education,No
11154,39,118501,1018823,Approved,739,Self-Employed,Home,No
11155,58,122732,1177370,Rejected,598,Salaried,Home,No
11156,21,120230,976463,Approved,729,Self-Employed,Home,No
11157,39,135720,1194132,Approved,654,Salaried,Home,No
11158,32,89554,239244,Approved,837,Self-Employed,Home,No
11159,47,42051,497171,Approved,715,Unemployed,Car,No
11160,30,130258,1218772,Approved,618,Unemployed,Education,Yes
11161,35,42368,1375631,Approved,649,Salaried,Personal,No
11162,60,108741,113621,Approved,718,Salaried,Personal,No
11163,32,109877,1311344,Approved,509,Business,Education,Yes
11164,44,72549,522937,Approved,845,Unemployed,Education,No
11165,28,85811,654545,Rejected,512,Salaried,Car,No
11166,24,32094,826674,Approved,682,Business,Personal,No
11167,38,145329,122109,Rejected,528,Unemployed,Car,No
11168,36,120650,638470,Approved,750,Salaried,Car,No
11169,35,73513,848263,Approved,740,Business,Home,No
11170,50,76945,514796,Approved,733,Business,Personal,No
11171,45,44728,471267,Approved,817,Salaried,Home,No
11172,30,79875,786576,Approved,680,Unemployed,Personal,No
11173,36,61900,699640,Rejected,509,Business,Car,No
11174,37,105464,764732,Rejected,542,Unemployed,Personal,No
11175,30,50303,1302825,Approved,690,Salaried,Education,No
11176,36,91445,417398,Approved,613,Self-Employed,Personal,Yes
11177,33,115702,1369848,Rejected,618,Business,Personal,No
11178,30,114682,1464081,Approved,506,Self-Employed,Education,Yes
11179,60,125013,122012,Rejected,551,Self-Employed,Personal,No
11180,25,69351,1248539,Approved,805,Unemployed,Home,No
11181,46,58147,409763,Approved,804,Unemployed,Car,No
11182,38,96322,810004,Rejected,616,Salaried,Home,No
11183,30,67188,645680,Approved,680,Salaried,Car,No
11184,54,27453,239451,Approved,722,Unemployed,Car,No
11185,40,88092,648897,Approved,697,Self-Employed,Car,No
11186,30,90349,260157,Approved,838,Self-Employed,Home,No
11187,40,76965,934804,Rejected,634,Unemployed,Car,No
11188,49,27398,1004076,Approved,786,Salaried,Education,No
11189,40,100768,1100881,Approved,592,Salaried,Personal,Yes
11190,44,78722,818542,Approved,839,Self-Employed,Car,No
11191,38,127053,1455657,Rejected,552,Business,Home,No
11192,56,50427,788886,Approved,519,Salaried,Personal,Yes
11193,52,79621,1489696,Approved,760,Business,Personal,No
11194,24,95160,364485,Rejected,537,Salaried,Car,No
11195,36,100479,534246,Approved,610,Business,Home,Yes
11196,58,131079,362409,Rejected,580,Salaried,Car,No
11197,22,116649,1479622,Approved,840,Business,Education,No
11198,26,24585,1492516,Rejected,729,Business,Home,No
11199,24,24985,1150395,Rejected,519,Self-Employed,Home,No
